Product Title,Product Image,SKU,Specification,Shipping From,Inventory,Available Inventory,CJ Inventory (Total),Factory Inventory (Total),My Inventory (Total),China Warehouse-CJ Inventory (Total),US Warehouse-CJ Inventory (Total),China Warehouse-unVerified-Factory Inventory,US Warehouse-unVerified-Factory Inventory,Product Base Price ($),Shipping Fee ($),Total Cost ($),Added Time,Price Updated,Price Change,Price Update Time,SKU Dimensions (mm),SKU Weight (g),SKU Packing Weight (g),Pickup Supported,Product Status
Large capacity mobile power,https://cf.cjdropshipping.com/20200710/713804701599.jpg,CJSJYDSJ00129-Red,Red,CN,12948,12948,1,12947,0,1,0,12947,0,2.99,0,2.99,1783616486477,No,--,--,150*80*30,215,270,Yes,On Sale
Large capacity mobile power,https://cf.cjdropshipping.com/20200710/1766462394091.jpg,CJSJYDSJ00129-Blue,Blue,CN,14137,14137,0,14137,0,0,0,14137,0,2.99,0,2.99,1783616486477,No,--,--,150*80*30,221,270,Yes,On Sale
Large capacity mobile power,https://cf.cjdropshipping.com/20200710/466638863369.jpg,CJSJYDSJ00129-Black,Black,CN,12735,12735,0,12735,0,0,0,12735,0,2.99,0,2.99,1783616486477,No,--,--,150*80*30,238,270,Yes,On Sale
Lightweight Car Shooting Bracket Mobile Phone Holder,https://oss-cf.cjdropshipping.com/product/2025/07/24/02/4558bf0c-c89f-4705-8339-37e9463738ad_trans.jpeg,CJYD243819001AZ,Four section support frame,CN,6912,6912,0,6912,0,0,0,6912,0,0.82,0,0.82,1783617079995,No,--,--,150*80*40,50,70,Yes,On Sale
Lightweight Car Shooting Bracket Mobile Phone Holder,https://oss-cf.cjdropshipping.com/product/2025/07/24/02/f71d70cb-75a9-4c73-a1df-5565bc086850_trans.jpeg,CJYD243819002BY,Seven section support frame,CN,7875,7875,0,7875,0,0,0,7875,0,0.90,0,0.90,1783617079995,No,--,--,150*80*40,60,80,Yes,On Sale
Microphone Karaoke Machine Bluetooth-compatible Speaker With 2 Wireless Mic RGB Light Home Family Singing Speaker,https://oss-cf.cjdropshipping.com/product/2023/11/27/06/318a2476-493b-4e97-b3ad-f2db9991c3e1.jpg,CJYD190730401AZ,Y1 Pink Double Wheat,CN,14540,14540,5,14535,0,5,0,14535,0,6.30,0,6.30,1783617216555,No,--,--,150*100*150,555,600,Yes,On Sale
Microphone Karaoke Machine Bluetooth-compatible Speaker With 2 Wireless Mic RGB Light Home Family Singing Speaker,https://oss-cf.cjdropshipping.com/product/2023/11/27/06/24a57462-bb24-481a-823f-9a0c815b55ca.jpg,CJYD190730402BY,Y1 White Double Wheat,CN,11462,11462,0,11462,0,0,0,11462,0,6.30,0,6.30,1783617216555,No,--,--,150*100*150,580,600,Yes,On Sale
HD Dual Recording Digital Camera Children Camera Shooting Mini Camera,https://cf.cjdropshipping.com/quick/product/58aa31cf-34b2-4e19-a7f6-f7fc55abf2c1.jpg,CJYD210394201AZ,HD White,CN,10421,10421,0,10421,0,0,0,10421,0,10.61,0,10.61,1783617277253,No,--,--,150*100*50,197,200,Yes,On Sale
HD Dual Recording Digital Camera Children Camera Shooting Mini Camera,https://cf.cjdropshipping.com/quick/product/7809f343-1461-46b7-a9f9-ceb14aba8381.jpg,CJYD210394202BY,HD Black,CN,10752,10752,0,10752,0,0,0,10752,0,10.61,0,10.61,1783617277253,No,--,--,150*100*50,180,200,Yes,On Sale
HD Dual Recording Digital Camera Children Camera Shooting Mini Camera,https://cf.cjdropshipping.com/quick/product/c51ac5ce-e8a4-4a49-beb1-6acdad856132.jpg,CJYD210394203CX,HD Gray,CN,14307,14307,0,14307,0,0,0,14307,0,10.61,0,10.61,1783617277253,No,--,--,150*100*50,180,200,Yes,On Sale
HD Dual Recording Digital Camera Children Camera Shooting Mini Camera,https://cf.cjdropshipping.com/quick/product/30e1b93c-fe7b-4d87-a577-a93400c4e70c.jpg,CJYD210394204DW,HD Silver,CN,10587,10587,0,10587,0,0,0,10587,0,10.61,0,10.61,1783617277253,No,--,--,150*100*50,180,200,Yes,On Sale
HD Dual Recording Digital Camera Children Camera Shooting Mini Camera,https://oss-cf.cjdropshipping.com/product/2024/08/28/12/49632563-3a5b-4856-8a9b-74da16a97798.jpg,CJYD210394205EV,Black gray and 32G,CN,13494,13494,0,13494,0,0,0,13494,0,12.94,0,12.94,1783617277253,No,--,--,125*90*65,216,220,Yes,On Sale
HD Dual Recording Digital Camera Children Camera Shooting Mini Camera,https://oss-cf.cjdropshipping.com/product/2024/08/28/12/6679e83f-d029-48e0-8204-c1713ba624ed.jpg,CJYD210394206FU,White and 32G,CN,10238,10238,1,10237,0,1,0,10237,0,12.94,0,12.94,1783617277253,No,--,--,125*90*65,200,220,Yes,On Sale
HD Dual Recording Digital Camera Children Camera Shooting Mini Camera,https://oss-cf.cjdropshipping.com/product/2024/08/28/12/69fcb29d-e6b4-4009-979a-7fb7dbb2aff1.jpg,CJYD210394207GT,Black gray and 64G,CN,13428,13428,0,13428,0,0,0,13428,0,13.27,0,13.27,1783617277253,No,--,--,125*90*65,200,220,Yes,On Sale
HD Dual Recording Digital Camera Children Camera Shooting Mini Camera,https://oss-cf.cjdropshipping.com/product/2024/08/28/12/bcb331d3-34b1-428a-bdb6-f30f80d9ece9.jpg,CJYD210394208HS,White and 64G,CN,13793,13793,0,13793,0,0,0,13793,0,13.27,0,13.27,1783617277253,No,--,--,125*90*65,200,220,Yes,On Sale
HD Dual Recording Digital Camera Children Camera Shooting Mini Camera,https://oss-cf.cjdropshipping.com/product/2024/09/03/07/3ce05a4a-c0b4-4362-a4c2-08cf845579a7.jpg,CJYD210394209IR,Black and 32GB memory card,CN,11298,11298,0,11298,0,0,0,11298,0,14.93,0,14.93,1783617277253,Yes,+15.38%,1781351451065,125*90*65,217,220,Yes,On Sale
HD Dual Recording Digital Camera Children Camera Shooting Mini Camera,https://oss-cf.cjdropshipping.com/product/2024/09/03/07/d05b942c-0269-4bd0-9063-bf49bc7aab18.jpg,CJYD210394210JQ,Grey and 32GB memory card,CN,12558,12558,0,12558,0,0,0,12558,0,12.94,0,12.94,1783617277253,No,--,--,125*90*65,216,220,Yes,On Sale
Two-way Fast Charge 27000 MA Mobile Power Supply,https://oss-cf.cjdropshipping.com/product/2025/02/22/03/8d425d36-ce5b-4f7b-b9e9-1198eaa0cecb_trans.jpeg,CJYD230176201AZ,Black/27000 MA,CN,8068,8068,0,8068,0,0,0,8068,0,44.61,0,44.61,1783617024128,No,--,--,170*70*80,400,420,Yes,On Sale
Dual-mode Wireless Bluetooth Mute Portable Keyboard,https://oss-cf.cjdropshipping.com/product/2025/07/24/05/2e4d6fdb-0443-4b19-8e69-b7fe7d2fffec.jpg,CJYD243839702BY,Pink,CN,5900,5900,0,5900,0,0,0,5900,0,14.76,0,14.76,1783616800489,No,--,--,350*170*50,800,820,Yes,On Sale
Multifunctional Car Phone Holder Windshield Gravity Sucker Mobile Phones Stand For IOS And Android Support Cellphone,https://oss-cf.cjdropshipping.com/product/2023/12/11/09/442df88a-bc9c-4ca2-a0ba-8a00e6fcbb8c.jpg,CJSJ191857702BY,Chuck/With Air Outlet Accessories,CN,10086,10086,0,10086,0,0,0,10086,0,1.76,0,1.76,1783616891321,No,--,--,200*180*30,235,245,Yes,On Sale
360 Auto Face Tracking Gimbal AI Smart Gimbal Face Tracking Auto Phone Holder For Smartphone Video Vlog Live Stabilizer Tripod,https://cf.cjdropshipping.com/80a05d2b-cf98-4fe3-98f0-1f52883d1703.jpg,CJSJ1623187-Black,Black,CN,13327,13327,0,13327,0,0,0,13327,0,11.850,0,11.85,1783616873872,No,--,--,183*103*58,410,410,Yes,On Sale
360 Auto Face Tracking Gimbal AI Smart Gimbal Face Tracking Auto Phone Holder For Smartphone Video Vlog Live Stabilizer Tripod,https://cf.cjdropshipping.com/09db2044-bd95-4235-8c9f-179160503da2.jpg,CJSJ1623187-White,White,CN,10038,10038,0,10038,0,0,0,10038,0,11.850,0,11.85,1783616873872,No,--,--,183*103*58,410,410,Yes,On Sale
360 Auto Face Tracking Gimbal AI Smart Gimbal Face Tracking Auto Phone Holder For Smartphone Video Vlog Live Stabilizer Tripod,https://cf.cjdropshipping.com/d90f2bee-233b-4ea4-a10e-ea962e909b54.jpg,CJSJ1623187-Pink,Pink,CN,13695,13695,1,13694,0,1,0,13694,0,11.850,0,11.85,1783616873872,No,--,--,183*103*58,410,410,Yes,On Sale
360 Auto Face Tracking Gimbal AI Smart Gimbal Face Tracking Auto Phone Holder For Smartphone Video Vlog Live Stabilizer Tripod,https://cf.cjdropshipping.com/5fc6529c-d599-47e5-ba05-7698272b6a58.jpg,CJSJ162318704DW,P01Bracket Edition Black,CN,10039,10039,0,10039,0,0,0,10039,0,18.740,0,18.74,1783616873872,No,--,--,341*48*78,956,956,Yes,On Sale
360 Auto Face Tracking Gimbal AI Smart Gimbal Face Tracking Auto Phone Holder For Smartphone Video Vlog Live Stabilizer Tripod,https://cf.cjdropshipping.com/001172d2-d435-4afd-8f8d-ab109fbc88bf.jpg,CJSJ162318705EV,P01Bracket Edition white,CN,12878,12878,1,12877,0,1,0,12877,0,18.740,0,18.74,1783616873872,No,--,--,341*48*78,862,862,Yes,On Sale
VMAX PRO Mobile Phone,https://oss-cf.cjdropshipping.com/product/2024/11/06/08/a1660e7a-f2f9-40fe-bba5-0c02a769e08b.jpg,CJSJ218436901AZ,Black/EU,CN,10360,10360,0,10360,0,0,0,10360,0,270.00,0,270.00,1783616538918,No,--,--,150*150*100,500,520,Yes,On Sale
VMAX PRO Mobile Phone,https://oss-cf.cjdropshipping.com/product/2024/11/06/08/3eccb480-4b7f-4679-b2e1-74e5c5620035.jpg,CJSJ218436902BY,Grey/EU,CN,12883,12883,0,12883,0,0,0,12883,0,270.00,0,270.00,1783616538918,No,--,--,150*150*100,500,520,Yes,On Sale
"V14 Professional Drone 6K HD Dual Camera Wifi FPV Portable RC Quadcopter 2 BATTERY,Drones Suitable For Adults & Beginners.Logistics Is Randomly Sent By UPS,USPS,Self-pickup.",https://cf.cjdropshipping.com/66ca3586-f363-4d10-b446-b93451e9f6a4.jpg,CJWR241970801AZ,2BATTERIES,US,575,575,0,575,0,0,0,0,575,35.000,0,35.00,1783617266837,No,--,--,300*300*90,460,460,Yes,On Sale
"V14 Professional Drone 6K HD Dual Camera Wifi FPV Portable RC Quadcopter 2 BATTERY,Drones Suitable For Adults & Beginners.Logistics Is Randomly Sent By UPS,USPS,Self-pickup.",https://cf.cjdropshipping.com/04df2447-39a4-4c05-8b0e-c2250546f1a1.png,CJWR241970802BY,3BATTERIES,US,597,597,0,597,0,0,0,0,597,39.000,0,39.00,1783617266837,No,--,--,300*300*90,470,470,Yes,On Sale
10000mAh two usb digital display power bank,https://cf.cjdropshipping.com/bce7b878-5d57-401e-9ef5-ebdf51fadb4e.png,CJXFLPDC00060-Set,Set,CN,13532,13532,0,13532,0,0,0,13532,0,18.34,0,18.34,1783616461281,No,--,--,400*300*30,931,961,Yes,On Sale
10000mAh two usb digital display power bank,https://cf.cjdropshipping.com/20200714/1887360430737.jpg,CJXFLPDC00060-Black,Black,CN,14909,14909,0,14909,0,0,0,14909,0,6.10,0,6.10,1783616461281,No,--,--,100*80*50,205,255,Yes,On Sale
Infrared Induction Car Wireless Charger Car Phone Holder,https://cf.cjdropshipping.com/537c91c2-e2a0-4be6-8d91-c3eb777b3525.jpg,CJSJ124411301AZ,Black/USB,CN,34469,34469,0,34469,0,0,0,34469,0,6.05,0,6.05,1783616887096,No,--,--,170*60*110,242,270,Yes,On Sale
Infrared Induction Car Wireless Charger Car Phone Holder,https://cf.cjdropshipping.com/a28240bd-0d6d-45a6-bad8-6c0e532b67f5.jpg,CJSJ124411302BY,Blue/USB,CN,26369,26369,0,26369,0,0,0,26369,0,6.05,0,6.05,1783616887096,No,--,--,170*60*110,246,270,Yes,On Sale
Infrared Induction Car Wireless Charger Car Phone Holder,https://cf.cjdropshipping.com/2e3fa97c-1f93-4f93-a950-a00ef262b19f.jpg,CJSJ124411303CX,Red/USB,CN,27423,27423,0,27423,0,0,0,27423,0,6.05,0,6.05,1783616887096,No,--,--,170*60*110,242,270,Yes,On Sale
Infrared Induction Car Wireless Charger Car Phone Holder,https://cf.cjdropshipping.com/749c6ffe-cb01-4684-b08c-07595007ab93.jpg,CJSJ124411304DW,Yellow/USB,CN,30396,30396,0,30396,0,0,0,30396,0,6.05,0,6.05,1783616887096,No,--,--,170*60*110,241,270,Yes,On Sale
Infrared Induction Car Wireless Charger Car Phone Holder,https://cf.cjdropshipping.com/760caaab-ef9a-4fd5-ac0f-a3b9dd204b20.png,CJSJ124411305EV,Black/Plus Version,CN,40334,40334,0,40334,0,0,0,40334,0,6.80,0,6.80,1783616887096,No,--,--,170*60*110,393,422,Yes,On Sale
Infrared Induction Car Wireless Charger Car Phone Holder,https://cf.cjdropshipping.com/c2321e7a-7409-4eee-9a6c-fb8ec3756886.png,CJSJ124411307GT,Blue/Plus Version,CN,43853,43853,0,43853,0,0,0,43853,0,6.80,0,6.80,1783616887096,No,--,--,170*60*110,391,422,Yes,On Sale
Infrared Induction Car Wireless Charger Car Phone Holder,https://cf.cjdropshipping.com/0c281a63-58d7-41d8-84c2-e8b92c961b08.png,CJSJ124411306FU,Red/Plus Version,CN,45581,45581,0,45581,0,0,0,45581,0,6.80,0,6.80,1783616887096,No,--,--,170*60*110,400,422,Yes,On Sale
Infrared Induction Car Wireless Charger Car Phone Holder,https://cf.cjdropshipping.com/139dd9da-79eb-4099-9b14-ffee040ba61a.png,CJSJ124411308HS,Yellow/Plus Version,CN,35859,35859,0,35859,0,0,0,35859,0,6.80,0,6.80,1783616887096,No,--,--,170*60*110,413,422,Yes,On Sale
Infrared Induction Car Wireless Charger Car Phone Holder,https://cf.cjdropshipping.com/99d408a4-2bbd-41f4-a3e8-0fc05e190202.jpg,CJSJ124411309IR,Red set/Plus Version,CN,49277,49277,0,49277,0,0,0,49277,0,8.92,0,8.92,1783616887096,No,--,--,170*140*110,435,465,Yes,On Sale
Infrared Induction Car Wireless Charger Car Phone Holder,https://cf.cjdropshipping.com/47239c79-e778-4861-8ba4-40413c43743b.png,CJSJ124411311KP,Black set/Plus Version,CN,45765,45765,0,45765,0,0,0,45765,0,8.92,0,8.92,1783616887096,No,--,--,170*140*110,433,463,Yes,On Sale
Infrared Induction Car Wireless Charger Car Phone Holder,https://cf.cjdropshipping.com/319a89ca-6e61-4894-84ce-52a1dbc79861.png,CJSJ124411313MN,Blue set/Plus Version,CN,45601,45601,0,45601,0,0,0,45601,0,8.92,0,8.92,1783616887096,No,--,--,170*140*110,432,462,Yes,On Sale
Infrared Induction Car Wireless Charger Car Phone Holder,https://cf.cjdropshipping.com/5bf8b4bd-a8e3-4585-94e1-22ea9905cd1c.png,CJSJ124411315OL,Yellow set/Plus Version,CN,46270,46270,0,46270,0,0,0,46270,0,8.92,0,8.92,1783616887096,No,--,--,170*140*110,439,469,Yes,On Sale
Mini Large Capacity 20000mAh Power Bank,https://oss-cf.cjdropshipping.com/product/2024/07/30/08/c24d4380-64fe-489c-8f71-09ac64caf6ad.jpg,CJCD107272301AZ,Black/10000mah,CN,40000,40000,0,40000,0,0,0,40000,0,3.35,0,3.35,1783616490588,No,--,--,146*74*16,220,270,Yes,On Sale
Mini Large Capacity 20000mAh Power Bank,https://cf.cjdropshipping.com/517e1ac8-5563-4b72-9cfc-a6e1ea03906c.jpg,CJCD107272303CX,Pink/10000mah,CN,40000,40000,0,40000,0,0,0,40000,0,4.02,0,4.02,1783616490588,No,--,--,146*74*16,250,270,Yes,On Sale
Mini Large Capacity 20000mAh Power Bank,https://oss-cf.cjdropshipping.com/product/2024/07/30/08/b3fa1d5e-67a2-4661-99f3-dfaed825d058.jpg,CJCD107272304DW,White/10000mah,CN,40000,40000,0,40000,0,0,0,40000,0,3.35,0,3.35,1783616490588,No,--,--,146*74*16,250,270,Yes,On Sale
Mini Large Capacity 20000mAh Power Bank,https://oss-cf.cjdropshipping.com/product/2024/07/30/08/c24d4380-64fe-489c-8f71-09ac64caf6ad.jpg,CJCD107272305EV,Black/20000mah,CN,11452,11452,0,11452,0,0,0,11452,0,4.19,0,4.19,1783616490588,No,--,--,146*74*16,231,320,Yes,On Sale
Mini Large Capacity 20000mAh Power Bank,https://cf.cjdropshipping.com/517e1ac8-5563-4b72-9cfc-a6e1ea03906c.jpg,CJCD107272306FU,Pink/20000mah,CN,12806,12806,0,12806,0,0,0,12806,0,4.86,0,4.86,1783616490588,No,--,--,146*74*16,300,320,Yes,On Sale
Mini Large Capacity 20000mAh Power Bank,https://oss-cf.cjdropshipping.com/product/2024/07/30/08/b3fa1d5e-67a2-4661-99f3-dfaed825d058.jpg,CJCD107272308HS,White/20000mah,CN,12777,12777,0,12777,0,0,0,12777,0,4.19,0,4.19,1783616490588,No,--,--,146*74*16,300,320,Yes,On Sale
Mini Large Capacity 20000mAh Power Bank,https://cf.cjdropshipping.com/10f30e59-da19-4be4-aada-aefa7670f9d0.jpg,CJCD107272309IR,Purple/10000mah,CN,13607,13607,0,13607,0,0,0,13607,0,3.35,0,3.35,1783616490588,No,--,--,146*74*16,250,270,Yes,On Sale
Portable Microphone For Live Interviews Radio And Noise Reduction,https://cf.cjdropshipping.com/113c5388-1ba1-4d71-a39d-b630899773b6.jpg,CJKC130579701AZ,Type C inline/Rechargeable version,CN,39631,39631,0,39631,0,0,0,39631,0,8.50,0,8.50,1783617282317,No,--,--,200*150*40,250,270,Yes,On Sale
Portable Microphone For Live Interviews Radio And Noise Reduction,https://cf.cjdropshipping.com/113c5388-1ba1-4d71-a39d-b630899773b6.jpg,CJKC130579702BY,Type C inline/No charging version,CN,32806,32806,0,32806,0,0,0,32806,0,7.56,0,7.56,1783617282317,No,--,--,200*150*40,250,270,Yes,On Sale
Portable Microphone For Live Interviews Radio And Noise Reduction,https://cf.cjdropshipping.com/113c5388-1ba1-4d71-a39d-b630899773b6.jpg,CJKC130579703CX,Pingguo interface/Rechargeable version,CN,32360,32360,0,32360,0,0,0,32360,0,9.30,0,9.30,1783617282317,No,--,--,200*150*40,250,270,Yes,On Sale
Portable Microphone For Live Interviews Radio And Noise Reduction,https://cf.cjdropshipping.com/113c5388-1ba1-4d71-a39d-b630899773b6.jpg,CJKC130579706FU,Micro interface/No charging version,CN,38347,38347,0,38347,0,0,0,38347,0,8.34,0,8.34,1783617282317,No,--,--,200*150*40,250,270,Yes,On Sale
ZL54CJ Square Smartwatch Women BT Call Heart Rate Sport Mode Fitness Tracker Waterproof Smart Watch Men For IOS Android,https://cf.cjdropshipping.com/a836c739-e67c-4c1f-998a-801f4b848c45.jpg,CJZN213900201AZ,Black,US,98,98,0,98,0,0,0,0,98,20.850,0,20.85,1783617212420,No,--,--,200*150*50,100,100,No,On Sale
ZL54CJ Square Smartwatch Women BT Call Heart Rate Sport Mode Fitness Tracker Waterproof Smart Watch Men For IOS Android,https://cf.cjdropshipping.com/414b407a-1d0c-4679-b559-bfec2bcd0a9e.jpg,CJZN213900202BY,Pink,US,99,99,0,99,0,0,0,0,99,20.850,0,20.85,1783617212420,No,--,--,200*150*50,100,100,No,On Sale
Travel Multifunctional 4 Charging Dock USB Converter,https://cf.cjdropshipping.com/b5ecf513-02f8-4570-949f-c829c0a4807f.jpg,CJSJ163524601AZ,Black/EU,CN,14071,14071,1,14070,0,1,0,14070,0,8.96,0,8.96,1783616504931,No,--,--,100*80*100,159,168,Yes,On Sale
Travel Multifunctional 4 Charging Dock USB Converter,https://cf.cjdropshipping.com/87a4fd3b-9f8f-4dfb-b68c-ac7658868366.jpg,CJSJ163524602BY,Blue and black/EU,CN,14977,14977,0,14977,0,0,0,14977,0,8.96,0,8.96,1783616504931,No,--,--,100*80*100,103,123,Yes,On Sale
Travel Multifunctional 4 Charging Dock USB Converter,https://cf.cjdropshipping.com/5ed8333a-f1d8-483d-80ae-e0f94de253c7.jpg,CJSJ163524603CX,Green and black/EU,CN,12725,12725,0,12725,0,0,0,12725,0,8.96,0,8.96,1783616504931,No,--,--,100*80*100,103,123,Yes,On Sale
Travel Multifunctional 4 Charging Dock USB Converter,https://cf.cjdropshipping.com/1fbe9251-15b4-4c6d-99d2-8d86234e6a6d.jpg,CJSJ163524604DW,White and black/EU,CN,14777,14777,0,14777,0,0,0,14777,0,8.96,0,8.96,1783616504931,No,--,--,100*80*100,103,123,Yes,On Sale
E88 Drone Aerial Photography HD 4K Dual Camera Remote Control Airplane Toy,https://cf.cjdropshipping.com/2f231ed6-dacf-423d-a5fa-593b62839f75.jpg,CJWR129861601AZ,Black/1080P,CN,42991,42991,0,42991,0,0,0,42991,0,24.07,0,24.07,1783617208341,No,--,--,125*80*55,320,340,Yes,On Sale
E88 Drone Aerial Photography HD 4K Dual Camera Remote Control Airplane Toy,https://cf.cjdropshipping.com/78ffa50c-67d6-4412-99d4-ebc3261b04ec.jpg,CJWR129861602BY,Black/DualCamera 4K,CN,37748,37748,1,37747,0,1,0,37747,0,25.93,0,25.93,1783617208341,No,--,--,125*80*55,325,340,Yes,On Sale
E88 Drone Aerial Photography HD 4K Dual Camera Remote Control Airplane Toy,https://cf.cjdropshipping.com/78ffa50c-67d6-4412-99d4-ebc3261b04ec.jpg,CJWR129861603CX,Black/4K,CN,35266,35266,0,35266,0,0,0,35266,0,25.00,0,25.00,1783617208341,No,--,--,125*80*55,320,340,Yes,On Sale
E88 Drone Aerial Photography HD 4K Dual Camera Remote Control Airplane Toy,https://cf.cjdropshipping.com/8a1081c9-56fa-42fe-aee9-cec63a1f2b5e.jpg,CJWR129861604DW,White/1080P,CN,35720,35720,0,35720,0,0,0,35720,0,19.14,0,19.14,1783617208341,No,--,--,125*80*55,320,340,Yes,On Sale
E88 Drone Aerial Photography HD 4K Dual Camera Remote Control Airplane Toy,https://cf.cjdropshipping.com/6e605c90-12d5-4256-ac6b-39bd646a6c18.jpg,CJWR129861605EV,White/DualCamera 4K,CN,35642,35642,0,35642,0,0,0,35642,0,22.02,0,22.02,1783617208341,No,--,--,125*80*55,320,340,Yes,On Sale
E88 Drone Aerial Photography HD 4K Dual Camera Remote Control Airplane Toy,https://cf.cjdropshipping.com/f85faa25-1741-42d7-bb1c-2d6481597df3.jpg,CJWR129861606FU,White/4K,CN,34429,34429,0,34429,0,0,0,34429,0,19.98,0,19.98,1783617208341,No,--,--,125*80*55,320,340,Yes,On Sale
E88 Drone Aerial Photography HD 4K Dual Camera Remote Control Airplane Toy,https://oss-cf.cjdropshipping.com/product/2025/12/16/05/51941e24-bd36-48cd-b88c-a4d97e3f6605_trans.jpeg,CJWR129861607GT,Black/No aerial photography,CN,7038,7038,0,7038,0,0,0,7038,0,4.78,0,4.78,1783617208341,No,--,--,220*67*173,300,320,Yes,On Sale
E88 Drone Aerial Photography HD 4K Dual Camera Remote Control Airplane Toy,https://oss-cf.cjdropshipping.com/product/2025/12/16/05/eb59e234-d291-4975-83f7-3f6dc231ad07_trans.jpeg,CJWR129861608HS,Black/Single shot,CN,7303,7303,0,7303,0,0,0,7303,0,6.14,0,6.14,1783617208341,No,--,--,220*67*173,320,340,Yes,On Sale
E88 Drone Aerial Photography HD 4K Dual Camera Remote Control Airplane Toy,https://oss-cf.cjdropshipping.com/product/2025/12/16/05/5a471b3a-5b49-4897-a4bb-2644d147a1a2_trans.jpeg,CJWR129861609IR,Black/Double camera,CN,5491,5491,0,5491,0,0,0,5491,0,6.62,0,6.62,1783617208341,No,--,--,220*67*173,320,340,Yes,On Sale
E88 Drone Aerial Photography HD 4K Dual Camera Remote Control Airplane Toy,https://oss-cf.cjdropshipping.com/product/2025/12/16/05/76440dbb-22a9-4d74-a389-8af43fdd4813.jpg,CJWR129861610JQ,White/No aerial photography,CN,6224,6224,0,6224,0,0,0,6224,0,4.78,0,4.78,1783617208341,No,--,--,220*67*173,300,320,Yes,On Sale
E88 Drone Aerial Photography HD 4K Dual Camera Remote Control Airplane Toy,https://oss-cf.cjdropshipping.com/product/2025/12/16/05/e1cfa363-898e-4ac7-9caf-52caffe5b29e_trans.jpeg,CJWR129861611KP,White/Single shot,CN,5182,5182,0,5182,0,0,0,5182,0,6.14,0,6.14,1783617208341,No,--,--,220*67*173,320,340,Yes,On Sale
E88 Drone Aerial Photography HD 4K Dual Camera Remote Control Airplane Toy,https://oss-cf.cjdropshipping.com/product/2025/12/16/05/6fe1e664-0543-42f2-b91c-10acacc2caab_trans.jpeg,CJWR129861612LO,White/Double camera,CN,6936,6936,0,6936,0,0,0,6936,0,6.62,0,6.62,1783617208341,No,--,--,220*67*173,320,340,Yes,On Sale
E88 Drone Aerial Photography HD 4K Dual Camera Remote Control Airplane Toy,https://oss-cf.cjdropshipping.com/product/2026/03/27/03/5bcc7b5b-2ed9-424c-9c19-7b0a9113cce0_trans.jpeg,CJWR129861613MN,Black/Two Batteries,CN,5226,5226,0,5226,0,0,0,5226,0,5.97,0,5.97,1783617208341,No,--,--,220*670*173,350,380,Yes,On Sale
"Magnetic Phone Holder For Car, Dashboard Car Phone Holder Mount Magnetic Stainless Steel Car Phone Holder - Dashboard Mount, Water-resistant, Rotatable",https://cf.cjdropshipping.com/9757c720-0043-4abb-a11f-0de622dff962.jpg,CJSJ207789801AZ,Black,CN,1098,1098,0,1098,0,0,0,1098,0,10.980,0,10.98,1783616915297,No,--,--,56*40*40,100,100,No,On Sale
96w 12V24V universal adjustable power adapter,https://cf.cjdropshipping.com/15632064/1367963732322.jpg,CJJSPBBJ00043-GB,GB,CN,14957,14957,0,14957,0,0,0,14957,0,6.62,0,6.62,1783616687142,No,--,--,220*180*30,500,550,Yes,On Sale
96w 12V24V universal adjustable power adapter,https://cf.cjdropshipping.com/15632064/7544414358624.jpg,CJJSPBBJ00043-EU,EU,CN,11412,11412,0,11412,0,0,0,11412,0,6.30,0,6.30,1783616687142,No,--,--,220*180*30,500,550,Yes,On Sale
96w 12V24V universal adjustable power adapter,https://cf.cjdropshipping.com/15632064/28741377681.jpg,CJJSPBBJ00043-US,US,CN,14028,14028,0,14028,0,0,0,14028,0,6.30,0,6.30,1783616687142,No,--,--,220*180*30,461,550,Yes,On Sale
Mini Mini Projector Home Portable 1080P HD Small Projector,https://cf.cjdropshipping.com/1623485523520.jpg,CJTY117181701AZ,Silver/AU,CN,27011,27011,0,27011,0,0,0,27011,0,28.03,0,28.03,1783617239760,No,--,--,120*100*60,480,520,Yes,On Sale
Mini Mini Projector Home Portable 1080P HD Small Projector,https://cf.cjdropshipping.com/1623485523520.jpg,CJTY117181702BY,Silver/EU,CN,27011,27011,0,27011,0,0,0,27011,0,28.03,0,28.03,1783617239760,No,--,--,120*100*60,260,494,Yes,On Sale
Mini Mini Projector Home Portable 1080P HD Small Projector,https://cf.cjdropshipping.com/1623485523520.jpg,CJTY117181703CX,Silver/UK,CN,27011,27011,0,27011,0,0,0,27011,0,28.03,0,28.03,1783617239760,No,--,--,120*100*60,260,300,Yes,On Sale
Mini Mini Projector Home Portable 1080P HD Small Projector,https://cf.cjdropshipping.com/1623485523520.jpg,CJTY117181704DW,Silver/US,CN,27011,27011,0,27011,0,0,0,27011,0,28.03,0,28.03,1783617239760,No,--,--,120*100*60,466,510,Yes,On Sale
Mini Mini Projector Home Portable 1080P HD Small Projector,https://cf.cjdropshipping.com/1623485523516.jpg,CJTY117181705EV,Yellow/AU,CN,27011,27011,0,27011,0,0,0,27011,0,28.03,0,28.03,1783617239760,No,--,--,120*100*60,260,300,Yes,On Sale
Mini Mini Projector Home Portable 1080P HD Small Projector,https://cf.cjdropshipping.com/1623485523516.jpg,CJTY117181706FU,Yellow/EU,CN,27011,27011,0,27011,0,0,0,27011,0,28.03,0,28.03,1783617239760,No,--,--,120*100*60,466,513,Yes,On Sale
Mini Mini Projector Home Portable 1080P HD Small Projector,https://cf.cjdropshipping.com/1623485523516.jpg,CJTY117181707GT,Yellow/UK,CN,27011,27011,0,27011,0,0,0,27011,0,28.03,0,28.03,1783617239760,No,--,--,120*100*60,260,300,Yes,On Sale
Mini Mini Projector Home Portable 1080P HD Small Projector,https://cf.cjdropshipping.com/1623485523516.jpg,CJTY117181708HS,Yellow/US,CN,27011,27011,0,27011,0,0,0,27011,0,28.03,0,28.03,1783617239760,No,--,--,120*100*60,260,300,Yes,On Sale
Wireless Lavalier Microphone Portable Audio Video Recording Mini Mic For I Phone Android Long Battery Life Live Broadcast Gaming,https://cf.cjdropshipping.com/0731bee7-797b-4f96-86aa-82bacd8a5b46.jpg,CJMK1698386-For Type C,For Type C,CN,1669,1669,0,1669,0,0,0,1669,0,9.980,0,9.98,1783617189594,No,--,--,120*60*30,75,75,No,On Sale
Wireless Lavalier Microphone Portable Audio Video Recording Mini Mic For I Phone Android Long Battery Life Live Broadcast Gaming,https://cf.cjdropshipping.com/5c144d49-ca51-425f-a03d-edef445c8166.jpg,CJMK1698386-For IOS,For IOS,CN,2012,2012,0,2012,0,0,0,2012,0,12.980,0,12.98,1783617189594,No,--,--,120*60*30,75,75,No,On Sale
Wireless Lavalier Microphone Portable Audio Video Recording Mini Mic For I Phone Android Long Battery Life Live Broadcast Gaming,https://cf.cjdropshipping.com/c7288b35-90b8-4755-bf64-f229e4aad21f.jpg,CJMK1698386-2in1 for IOS,2in1 for IOS,CN,1816,1816,0,1816,0,0,0,1816,0,10.980,0,10.98,1783617189594,No,--,--,120*60*30,85,85,No,On Sale
Wireless Lavalier Microphone Portable Audio Video Recording Mini Mic For I Phone Android Long Battery Life Live Broadcast Gaming,https://cf.cjdropshipping.com/3cc7686a-32ca-4667-840a-a945b1378989.jpg,CJMK1698386-2in1 for Type C,2in1 for Type C,CN,823,823,0,823,0,0,0,823,0,12.980,0,12.98,1783617189594,No,--,--,120*60*30,85,85,No,On Sale
VMAXPRO Mobile Phone,https://oss-cf.cjdropshipping.com/product/2024/11/05/09/d37357c5-54d2-4cf6-8790-7d4ff60a9e23.jpg,CJSJ218294901AZ,Black/EU,CN,13492,13492,0,13492,0,0,0,13492,0,270.00,0,270.00,1783616922344,No,--,--,200*100*80,600,650,Yes,On Sale
VMAXPRO Mobile Phone,https://oss-cf.cjdropshipping.com/product/2024/11/05/09/3ee534a0-2f43-48b0-9d96-7d1f65dafaa5.jpg,CJSJ218294902BY,Grey/EU,CN,11427,11427,0,11427,0,0,0,11427,0,270.00,0,270.00,1783616922344,No,--,--,200*100*80,600,650,Yes,On Sale
3 IN 1 Magnetic Folding Wireless Charger Station For IPhone Transparent Fast Charging For IWatch And Airpods,https://cf.cjdropshipping.com/8bcd018f-5a91-4fa6-a46a-452bd7be9c34.jpg?bid=2407300617041946900,CJSJ175369701AZ,Black,CN,13682,13682,0,13682,0,0,0,13682,0,22.39,0,22.39,1783616471818,No,--,--,150*150*80,168,190,Yes,On Sale
OUKITEL G1 Mobile Phone,https://oss-cf.cjdropshipping.com/product/2024/11/05/02/469d095f-2745-4a19-9635-75e837995be5.jpg,CJSJ218193601AZ,Grey/EU,CN,12325,12325,0,12325,0,0,0,12325,0,95.00,0,95.00,1783616530365,No,--,--,150*150*100,500,550,Yes,On Sale
OUKITEL G1 Mobile Phone,https://oss-cf.cjdropshipping.com/product/2024/11/05/02/9dae53a8-9518-400a-ac11-b1ec71d50633.jpg,CJSJ218193602BY,Green/EU,CN,10173,10173,0,10173,0,0,0,10173,0,95.00,0,95.00,1783616530365,No,--,--,150*150*100,500,550,Yes,On Sale
OUKITEL G1 Mobile Phone,https://oss-cf.cjdropshipping.com/product/2024/11/05/02/1aec837e-9316-4848-ae8e-c0ca60d65b4c.jpg,CJSJ218193603CX,Orange/EU,CN,14025,14025,20,14005,0,20,0,14005,0,95.00,0,95.00,1783616530365,No,--,--,150*150*100,500,550,Yes,On Sale
4 In 1 Rotatable Colorful Lighting Wireless Charger Stand For Phone 15 14 13 12 Pro Max 8 7 Holder Magnetic Fast Charging Station,https://oss-cf.cjdropshipping.com/product/2024/04/15/09/6c455490-2a56-4170-bc43-450efcd4a080.jpg,CJSJ201192601AZ,White,CN,12986,12986,1,12985,0,1,0,12985,0,13.60,0,13.60,1783616415433,No,--,--,200*150*60,393,488,Yes,On Sale
4 In 1 Rotatable Colorful Lighting Wireless Charger Stand For Phone 15 14 13 12 Pro Max 8 7 Holder Magnetic Fast Charging Station,https://oss-cf.cjdropshipping.com/product/2024/04/15/09/13a067a4-32ab-4881-8012-35a1110295d3.jpg,CJSJ201192602BY,Black,CN,10003,10003,0,10003,0,0,0,10003,0,13.60,0,13.60,1783616415433,No,--,--,200*150*60,388,488,Yes,On Sale
4K HD Anti Shake Pocket Sports Camera Mini,https://oss-cf.cjdropshipping.com/product/2025/01/15/03/d23a0de8-fb24-4a03-a81f-08e87f4fbe5d_trans.jpeg,CJYD227106501AZ,Black,CN,8006,8006,0,8006,0,0,0,8006,0,41.46,0,41.46,1783617247930,No,--,--,260*200*80,246,260,Yes,On Sale
4K HD Anti Shake Pocket Sports Camera Mini,https://oss-cf.cjdropshipping.com/product/2026/05/09/02/c6a863c9-75c0-4bea-a0a2-5dd97b6500a7_fine.jpeg,CJYD227106502BY,128G,CN,6204,6204,0,6204,0,0,0,6204,0,24.88,0,24.88,1783617247930,No,--,--,100*100*20,5,10,Yes,On Sale
4K HD Anti Shake Pocket Sports Camera Mini,https://oss-cf.cjdropshipping.com/product/2026/05/09/02/b6aea1d6-60bf-4174-87b7-2ed188feda87_fine.jpeg,CJYD227106503CX,Camera With 128G,CN,9427,9427,0,9427,0,0,0,9427,0,66.34,0,66.34,1783617247930,No,--,--,260*200*100,235,265,Yes,On Sale
Remote Wireless Doorbell Intelligent Waterproof Electronic,https://oss-cf.cjdropshipping.com/product/2024/03/14/07/1c42c43b-b0d0-4619-9cde-27ba79b408d0.jpg,CJYD195441202BY,One Drag Three/US,CN,14921,14921,0,14921,0,0,0,14921,0,12.21,0,12.21,1783616776915,No,--,--,200*180*50,287,307,Yes,On Sale
Remote Wireless Doorbell Intelligent Waterproof Electronic,https://oss-cf.cjdropshipping.com/product/2024/03/14/07/1c42c43b-b0d0-4619-9cde-27ba79b408d0.jpg,CJYD195441203CX,One Drag Three/UK,CN,14870,14870,0,14870,0,0,0,14870,0,12.21,0,12.21,1783616776915,No,--,--,200*180*50,355,391,Yes,On Sale
Remote Wireless Doorbell Intelligent Waterproof Electronic,https://oss-cf.cjdropshipping.com/product/2024/03/14/07/1c42c43b-b0d0-4619-9cde-27ba79b408d0.jpg,CJYD195441204DW,One Drag Three/EU,CN,14046,14046,0,14046,0,0,0,14046,0,12.21,0,12.21,1783616776915,No,--,--,200*180*50,287,307,Yes,On Sale
Remote Wireless Doorbell Intelligent Waterproof Electronic,https://oss-cf.cjdropshipping.com/product/2024/03/14/07/46ccf3a3-7156-416f-a959-1948124ec377.jpg,CJYD195441205EV,One Drag Two/US,CN,14027,14027,0,14027,0,0,0,14027,0,9.15,0,9.15,1783616776915,No,--,--,200*180*50,202,222,Yes,On Sale
Remote Wireless Doorbell Intelligent Waterproof Electronic,https://oss-cf.cjdropshipping.com/product/2024/03/14/07/46ccf3a3-7156-416f-a959-1948124ec377.jpg,CJYD195441206FU,One Drag Two/UK,CN,13862,13862,0,13862,0,0,0,13862,0,9.15,0,9.15,1783616776915,No,--,--,200*180*50,202,222,Yes,On Sale
Remote Wireless Doorbell Intelligent Waterproof Electronic,https://oss-cf.cjdropshipping.com/product/2024/03/14/07/46ccf3a3-7156-416f-a959-1948124ec377.jpg,CJYD195441207GT,One Drag Two/EU,CN,11661,11661,0,11661,0,0,0,11661,0,9.15,0,9.15,1783616776915,No,--,--,200*180*50,202,222,Yes,On Sale
Remote Wireless Doorbell Intelligent Waterproof Electronic,https://oss-cf.cjdropshipping.com/product/2024/03/14/07/0cf84b8a-209c-4e9f-a552-287b49ddd8d7.jpg,CJYD195441208HS,One To One/US,CN,13993,13993,0,13993,0,0,0,13993,0,5.80,0,5.80,1783616776915,No,--,--,200*150*50,117,137,Yes,On Sale
Remote Wireless Doorbell Intelligent Waterproof Electronic,https://oss-cf.cjdropshipping.com/product/2024/03/14/07/0cf84b8a-209c-4e9f-a552-287b49ddd8d7.jpg,CJYD195441209IR,One To One/UK,CN,13580,13580,0,13580,0,0,0,13580,0,5.80,0,5.80,1783616776915,No,--,--,200*150*50,117,137,Yes,On Sale
Remote Wireless Doorbell Intelligent Waterproof Electronic,https://oss-cf.cjdropshipping.com/product/2024/03/14/07/0cf84b8a-209c-4e9f-a552-287b49ddd8d7.jpg,CJYD195441210JQ,One To One/EU,CN,12457,12457,0,12457,0,0,0,12457,0,5.80,0,5.80,1783616776915,No,--,--,200*150*50,117,137,Yes,On Sale
Remote Wireless Doorbell Intelligent Waterproof Electronic,https://oss-cf.cjdropshipping.com/product/2024/03/14/07/d368ea1b-eb9b-49d6-bca7-dcad4de97bcf.jpg,CJYD195441211KP,Two Drag One/US,CN,14645,14645,0,14645,0,0,0,14645,0,7.63,0,7.63,1783616776915,No,--,--,200*180*50,149,169,Yes,On Sale
Remote Wireless Doorbell Intelligent Waterproof Electronic,https://oss-cf.cjdropshipping.com/product/2024/03/14/07/d368ea1b-eb9b-49d6-bca7-dcad4de97bcf.jpg,CJYD195441212LO,Two Drag One/UK,CN,11748,11748,0,11748,0,0,0,11748,0,7.63,0,7.63,1783616776915,No,--,--,200*180*50,149,169,Yes,On Sale
Remote Wireless Doorbell Intelligent Waterproof Electronic,https://oss-cf.cjdropshipping.com/product/2024/03/14/07/d368ea1b-eb9b-49d6-bca7-dcad4de97bcf.jpg,CJYD195441213MN,Two Drag One/EU,CN,14906,14906,0,14906,0,0,0,14906,0,7.63,0,7.63,1783616776915,No,--,--,200*180*50,149,169,Yes,On Sale
Remote Wireless Doorbell Intelligent Waterproof Electronic,https://oss-cf.cjdropshipping.com/product/2024/03/14/07/9673acc6-1527-4bc7-aa55-2126b76e084c.jpg,CJYD195441214NM,Two Drag Two/US,CN,13155,13155,0,13155,0,0,0,13155,0,10.68,0,10.68,1783616776915,No,--,--,200*180*50,234,254,Yes,On Sale
Remote Wireless Doorbell Intelligent Waterproof Electronic,https://oss-cf.cjdropshipping.com/product/2024/03/14/07/9673acc6-1527-4bc7-aa55-2126b76e084c.jpg,CJYD195441215OL,Two Drag Two/UK,CN,10357,10357,0,10357,0,0,0,10357,0,10.68,0,10.68,1783616776915,No,--,--,200*180*50,234,254,Yes,On Sale
Remote Wireless Doorbell Intelligent Waterproof Electronic,https://oss-cf.cjdropshipping.com/product/2024/03/14/07/9673acc6-1527-4bc7-aa55-2126b76e084c.jpg,CJYD195441216PK,Two Drag Two/EU,CN,12181,12181,0,12181,0,0,0,12181,0,10.68,0,10.68,1783616776915,No,--,--,200*180*50,234,254,Yes,On Sale
Three-head Ultrasonic Dog Repellent Artifact High-power Spray,https://cf.cjdropshipping.com/quick/product/e6833e9e-b89c-414c-9ffd-b7f7e23dc823.jpg,CJYD191407201AZ,XP30 Dog Drives Black Orange,CN,13138,13138,0,13138,0,0,0,13138,0,23.05,0,23.05,1783616781031,No,--,--,140*100*80,209,240,Yes,On Sale
Three-head Ultrasonic Dog Repellent Artifact High-power Spray,https://cf.cjdropshipping.com/quick/product/bd979135-8170-4dd2-8591-28408f1e3c05.jpg,CJYD191407202BY,XP30 Dog Drives Black,CN,13204,13204,0,13204,0,0,0,13204,0,23.05,0,23.05,1783616781031,No,--,--,140*100*80,208,240,Yes,On Sale
Three-head Ultrasonic Dog Repellent Artifact High-power Spray,https://cf.cjdropshipping.com/quick/product/db35d64f-8680-46f4-8c87-f2f679562855.jpg,CJYD191407203CX,XP30 Dog Drives Gray,CN,13617,13617,0,13617,0,0,0,13617,0,23.05,0,23.05,1783616781031,No,--,--,140*100*80,210,240,Yes,On Sale
Three-head Ultrasonic Dog Repellent Artifact High-power Spray,https://cf.cjdropshipping.com/quick/product/48488343-0b9e-4686-a29b-14c32df23528.jpg,CJYD191407204DW,Ma1 Single Head,CN,10450,10450,0,10450,0,0,0,10450,0,16.09,0,16.09,1783616781031,No,--,--,130*80*80,180,210,Yes,On Sale
"Compatible with Apple , Mobile Phone Fast Charging Data Cable",https://oss-cf.cjdropshipping.com/product/2024/07/22/06/2ff954bd-b815-4c81-bc74-b9916628e25a.jpg,CJSJ127142401AZ,1m Android white/1PC,CN,34991,34991,0,34991,0,0,0,34991,0,0.61,0,0.61,1783616997098,No,--,--,150*150*30,40,60,Yes,On Sale
"Compatible with Apple , Mobile Phone Fast Charging Data Cable",https://oss-cf.cjdropshipping.com/product/2024/07/22/06/a40f3d1e-2a85-4a0e-998d-6d00d915e1a0.jpg,CJSJ127142402BY,1m Android black/1PC,CN,40027,40027,0,40027,0,0,0,40027,0,0.61,0,0.61,1783616997098,No,--,--,150*150*30,28,60,Yes,On Sale
"Compatible with Apple , Mobile Phone Fast Charging Data Cable",https://oss-cf.cjdropshipping.com/product/2024/07/22/06/670d207f-b488-4f87-939b-ec179d854f20.jpg,CJSJ127142403CX,1.5m Android white/1PC,CN,42149,42149,0,42149,0,0,0,42149,0,0.77,0,0.77,1783616997098,No,--,--,150*150*30,40,60,Yes,On Sale
"Compatible with Apple , Mobile Phone Fast Charging Data Cable",https://oss-cf.cjdropshipping.com/product/2024/07/22/06/a94bd906-3146-4fb3-96ae-72fb8095f393.jpg,CJSJ127142404DW,2m Android white/1PC,CN,34363,34363,0,34363,0,0,0,34363,0,0.87,0,0.87,1783616997098,No,--,--,150*150*30,42,60,Yes,On Sale
"Compatible with Apple , Mobile Phone Fast Charging Data Cable",https://oss-cf.cjdropshipping.com/product/2024/07/22/06/f0e8fca4-2a1c-4db5-9216-4374febddfbb.jpg,CJSJ127142405EV,1m type c white/1PC,CN,35798,35798,0,35798,0,0,0,35798,0,0.63,0,0.63,1783616997098,No,--,--,150*150*30,40,60,Yes,On Sale
"Compatible with Apple , Mobile Phone Fast Charging Data Cable",https://oss-cf.cjdropshipping.com/product/2024/07/22/06/cae37eaf-16b3-40d0-a517-e2605e085a26.jpg,CJSJ127142406FU,1m type c black/1PC,CN,36185,36185,0,36185,0,0,0,36185,0,0.61,0,0.61,1783616997098,No,--,--,150*150*30,40,60,Yes,On Sale
"Compatible with Apple , Mobile Phone Fast Charging Data Cable",https://oss-cf.cjdropshipping.com/product/2024/07/22/06/4fd4d04f-6ef4-4995-bfb4-665b4eb8b34c.jpg,CJSJ127142407GT,1.5m type c white/1PC,CN,39009,39009,0,39009,0,0,0,39009,0,0.87,0,0.87,1783616997098,No,--,--,150*150*30,40,60,Yes,On Sale
"Compatible with Apple , Mobile Phone Fast Charging Data Cable",https://oss-cf.cjdropshipping.com/product/2024/07/22/06/7a480b65-40dd-4193-b636-7ca345b5ad24.jpg,CJSJ127142408HS,2m type c white/1PC,CN,36683,36683,0,36683,0,0,0,36683,0,0.98,0,0.98,1783616997098,No,--,--,150*150*30,40,60,Yes,On Sale
"Compatible with Apple , Mobile Phone Fast Charging Data Cable",https://oss-cf.cjdropshipping.com/product/2024/07/22/07/82af6602-b796-4fd0-b391-7c28e0f39b85.jpg,CJSJ127142409IR,2mApple White/1PC,CN,40724,40724,0,40724,0,0,0,40724,0,0.98,0,0.98,1783616997098,No,--,--,150*150*30,42,60,Yes,On Sale
"Compatible with Apple , Mobile Phone Fast Charging Data Cable",https://oss-cf.cjdropshipping.com/product/2024/07/22/06/9a788a18-b232-4a41-89f2-367f5ff4fd95.jpg,CJSJ127142410JQ,1metershaped apple white/1PC,CN,36926,36926,0,36926,0,0,0,36926,0,0.61,0,0.61,1783616997098,No,--,--,150*150*30,12,60,Yes,On Sale
"Compatible with Apple , Mobile Phone Fast Charging Data Cable",https://oss-cf.cjdropshipping.com/product/2024/07/22/06/4131dda0-c9bf-43e8-a64b-dd90c91879bc.jpg,CJSJ127142411KP,1.5metersapple white/1PC,CN,34229,34229,0,34229,0,0,0,34229,0,0.87,0,0.87,1783616997098,No,--,--,150*150*30,35,60,Yes,On Sale
"Compatible with Apple , Mobile Phone Fast Charging Data Cable",https://oss-cf.cjdropshipping.com/product/2024/07/22/06/30fc2672-bf0d-4596-90e2-eb78175f64fd.jpg,CJSJ127142412LO,1metercrystal box apple/1PC,CN,31611,31611,0,31611,0,0,0,31611,0,0.65,0,0.65,1783616997098,No,--,--,150*150*30,40,60,Yes,On Sale
"Compatible with Apple , Mobile Phone Fast Charging Data Cable",https://oss-cf.cjdropshipping.com/product/2024/07/22/06/6cc3eede-e0ff-4e53-87b9-3f5e661abf34.jpg,CJSJ127142424XC,2mApple White/3PCS,CN,14186,14186,0,14186,0,0,0,14186,0,2.94,0,2.94,1783616997098,No,--,--,200*180*50,135,165,Yes,On Sale
Desktop Phone Ultra-thin Round Wireless Charger,https://oss-cf.cjdropshipping.com/product/2024/12/26/12/c9adf74c-a3a8-4111-a0c4-ba94ad535581_trans.jpeg,CJSJ225461401AZ,Black 10W,CN,7607,7607,0,7607,0,0,0,7607,0,3.19,0,3.19,1783617008123,No,--,--,147*110*19,97,107,Yes,On Sale
Desktop Phone Ultra-thin Round Wireless Charger,https://oss-cf.cjdropshipping.com/product/2024/12/26/12/ec12dcd3-c5a1-4b53-bfbc-015cf63d2f3e_trans.jpeg,CJSJ225461402BY,White 10W,CN,7641,7641,2,7639,0,2,0,7639,0,3.19,0,3.19,1783617008123,No,--,--,147*110*19,97,107,Yes,On Sale
Desktop Phone Ultra-thin Round Wireless Charger,https://oss-cf.cjdropshipping.com/product/2024/12/26/12/29d17910-9996-43a6-8dde-9cb81990c19f_trans.jpeg,CJSJ225461403CX,Black 15W,CN,6046,6046,0,6046,0,0,0,6046,0,3.86,0,3.86,1783617008123,No,--,--,147*110*19,97,107,Yes,On Sale
Desktop Phone Ultra-thin Round Wireless Charger,https://oss-cf.cjdropshipping.com/product/2024/12/26/12/ddef9be6-b9ed-4dd1-b38e-7f038df97f15_trans.jpeg,CJSJ225461404DW,White 15W,CN,9571,9571,0,9571,0,0,0,9571,0,3.86,0,3.86,1783617008123,No,--,--,147*110*19,97,107,Yes,On Sale
Household And Commercial Multi-function Projector,https://cf.cjdropshipping.com/466c0fab-8ad6-4a27-8c8b-e40dd862cb4f.jpg,CJTY138784301AZ,White/US,CN,44583,44583,0,44583,0,0,0,44583,0,39.84,0,39.84,1783617343924,No,--,--,290*110*200,860,880,Yes,On Sale
Household And Commercial Multi-function Projector,https://cf.cjdropshipping.com/466c0fab-8ad6-4a27-8c8b-e40dd862cb4f.jpg,CJTY138784302BY,White/EU,CN,48173,48173,0,48173,0,0,0,48173,0,39.84,0,39.84,1783617343924,No,--,--,290*110*200,860,880,Yes,On Sale
Household And Commercial Multi-function Projector,https://cf.cjdropshipping.com/466c0fab-8ad6-4a27-8c8b-e40dd862cb4f.jpg,CJTY138784303CX,White/UK,CN,47881,47881,0,47881,0,0,0,47881,0,39.84,0,39.84,1783617343924,No,--,--,290*110*200,860,880,Yes,On Sale
Household And Commercial Multi-function Projector,https://cf.cjdropshipping.com/466c0fab-8ad6-4a27-8c8b-e40dd862cb4f.jpg,CJTY138784304DW,White/AU,CN,47987,47987,0,47987,0,0,0,47987,0,39.84,0,39.84,1783617343924,No,--,--,290*110*200,860,880,Yes,On Sale
Barrel Machine Hy300 Smart AnzhuoHD Projection Screen Home Recommend Projector,https://oss-cf.cjdropshipping.com/product/2024/11/03/01/d1db7ffa-5b6c-440b-be0b-f4a9aaa58abc.jpg,CJYD198364601AZ,White/American Standard,CN,11390,11390,0,11390,0,0,0,11390,0,43.33,0,43.33,1783617200839,No,--,--,240*150*140,840,880,Yes,On Sale
Barrel Machine Hy300 Smart AnzhuoHD Projection Screen Home Recommend Projector,https://oss-cf.cjdropshipping.com/product/2024/06/24/01/b26172dd-17ee-40bf-96dc-ea81bc01bae6.jpg,CJYD198364603CX,White/AU,CN,12722,12722,0,12722,0,0,0,12722,0,43.52,0,43.52,1783617200839,No,--,--,240*150*140,876,906,Yes,On Sale
Barrel Machine Hy300 Smart AnzhuoHD Projection Screen Home Recommend Projector,https://oss-cf.cjdropshipping.com/product/2024/11/03/01/d1db7ffa-5b6c-440b-be0b-f4a9aaa58abc.jpg,CJYD198364604DW,White/Uk,CN,8274,8274,0,8274,0,0,0,8274,0,40.63,0,40.63,1783617200839,No,--,--,240*150*140,840,880,Yes,On Sale
Barrel Machine Hy300 Smart AnzhuoHD Projection Screen Home Recommend Projector,https://oss-cf.cjdropshipping.com/product/2024/11/03/01/d1db7ffa-5b6c-440b-be0b-f4a9aaa58abc.jpg,CJYD198364605EV,White/US,CN,6842,6842,0,6842,0,0,0,6842,0,40.63,0,40.63,1783617200839,No,--,--,240*150*140,840,880,Yes,On Sale
720p Portable Smart Projector P62 Supports Home Office HD Projector,https://cf.cjdropshipping.com/c1bbb4f9-49ab-4115-84c3-9829aaa9cf65.png,CJTY121754101AZ,White Basic Edition/220V US,CN,32725,32725,0,32725,0,0,0,32725,0,55.26,0,55.26,1783617286425,No,--,--,220*200*100,1200,1250,Yes,On Sale
720p Portable Smart Projector P62 Supports Home Office HD Projector,https://cf.cjdropshipping.com/f812f03a-65bd-412d-8384-4edf8b771e1e.jpg,CJTY121754102BY,White with screen version/220V US,CN,28301,28301,0,28301,0,0,0,28301,0,63.88,0,63.88,1783617286425,No,--,--,220*200*100,1200,1250,Yes,On Sale
720p Portable Smart Projector P62 Supports Home Office HD Projector,https://cf.cjdropshipping.com/44c28992-156d-41d1-9aec-ab4b7285acbc.jpg,CJTY121754103CX,White Android version/220V US,CN,35381,35381,0,35381,0,0,0,35381,0,79.64,0,79.64,1783617286425,No,--,--,220*200*100,1200,1250,Yes,On Sale
720p Portable Smart Projector P62 Supports Home Office HD Projector,https://cf.cjdropshipping.com/f812f03a-65bd-412d-8384-4edf8b771e1e.jpg,CJTY121754106FU,White with screen version/EU,CN,40540,40540,0,40540,0,0,0,40540,0,63.88,0,63.88,1783617286425,No,--,--,220*200*100,1200,1250,Yes,On Sale
720p Portable Smart Projector P62 Supports Home Office HD Projector,https://cf.cjdropshipping.com/f812f03a-65bd-412d-8384-4edf8b771e1e.jpg,CJTY121754111KP,White with screen version/UK,CN,44622,44622,0,44622,0,0,0,44622,0,63.88,0,63.88,1783617286425,No,--,--,220*200*100,1200,1250,Yes,On Sale
720p Portable Smart Projector P62 Supports Home Office HD Projector,https://cf.cjdropshipping.com/f812f03a-65bd-412d-8384-4edf8b771e1e.jpg,CJTY121754112LO,White with screen version/AU,CN,42983,42983,0,42983,0,0,0,42983,0,63.88,0,63.88,1783617286425,No,--,--,220*200*100,1200,1250,Yes,On Sale
Mini Fast Charging Magnetic Wireless Power Bank 5000 MAh Portable,https://cf.cjdropshipping.com/ba4df96b-d4b6-41f1-8142-fc4ffc65fddf.png,CJCD135893001AZ,Black/5000mAh,CN,45021,45021,0,45021,0,0,0,45021,0,5.73,0,5.73,1783616476304,No,--,--,150*100*40,153,160,Yes,On Sale
Mini Fast Charging Magnetic Wireless Power Bank 5000 MAh Portable,https://cf.cjdropshipping.com/70005c48-94be-4caa-8742-40b0f56ff82f.jpg,CJCD135893002BY,White/5000mAh,CN,44089,44089,0,44089,0,0,0,44089,0,5.73,0,5.73,1783616476304,No,--,--,150*100*40,150,160,Yes,On Sale
Mini Fast Charging Magnetic Wireless Power Bank 5000 MAh Portable,https://cf.cjdropshipping.com/33f40faa-baad-4cf0-90e8-ae10210f383f.jpg,CJCD135893003CX,Green/5000mAh,CN,46939,46939,0,46939,0,0,0,46939,0,6.27,0,6.27,1783616476304,No,--,--,150*100*40,150,160,Yes,On Sale
Mini Fast Charging Magnetic Wireless Power Bank 5000 MAh Portable,https://cf.cjdropshipping.com/65752da7-ccb7-4a3a-8303-329efb97451e.jpg,CJCD135893004DW,Pink/5000mAh,CN,48337,48337,0,48337,0,0,0,48337,0,5.73,0,5.73,1783616476304,No,--,--,150*100*40,150,160,Yes,On Sale
Mini Fast Charging Magnetic Wireless Power Bank 5000 MAh Portable,https://oss-cf.cjdropshipping.com/product/2025/07/09/01/94c2ecec-2e1f-4619-a45e-33952312dbea.jpg,CJCD135893007GT,Black/10000mAh,CN,44162,44162,0,44162,0,0,0,44162,0,6.63,0,6.63,1783616476304,No,--,--,150*100*40,138,200,Yes,On Sale
Mini Fast Charging Magnetic Wireless Power Bank 5000 MAh Portable,https://cf.cjdropshipping.com/6e835cee-2734-41f0-bf8c-9375fc1305ce.png,CJCD135893005EV,Green/10000mAh,CN,41676,41676,0,41676,0,0,0,41676,0,6.63,0,6.63,1783616476304,No,--,--,150*100*40,136,200,Yes,On Sale
Mini Fast Charging Magnetic Wireless Power Bank 5000 MAh Portable,https://cf.cjdropshipping.com/65752da7-ccb7-4a3a-8303-329efb97451e.jpg,CJCD135893006FU,Pink/10000mAh,CN,47845,47845,0,47845,0,0,0,47845,0,6.63,0,6.63,1783616476304,No,--,--,150*100*40,138,200,Yes,On Sale
Mini Fast Charging Magnetic Wireless Power Bank 5000 MAh Portable,https://cf.cjdropshipping.com/70005c48-94be-4caa-8742-40b0f56ff82f.jpg,CJCD135893008HS,White/10000mAh,CN,41112,41112,0,41112,0,0,0,41112,0,6.63,0,6.63,1783616476304,No,--,--,150*100*40,150,200,Yes,On Sale
Mini Fast Charging Magnetic Wireless Power Bank 5000 MAh Portable,https://oss-cf.cjdropshipping.com/product/2025/07/24/07/9f3eb07c-b6e8-40af-a569-b464d6b55f12.jpg,CJCD135893009IR,Black 2pc/10000mAh,CN,9464,9464,0,9464,0,0,0,9464,0,13.26,0,13.26,1783616476304,No,--,--,150*100*80,334,364,Yes,On Sale
Mini Fast Charging Magnetic Wireless Power Bank 5000 MAh Portable,https://oss-cf.cjdropshipping.com/product/2025/07/24/07/0316fe22-564a-4168-9b19-9240d70f38d6.jpg,CJCD135893011KP,Black 3pc/10000mAh,CN,9841,9841,0,9841,0,0,0,9841,0,19.89,0,19.89,1783616476304,No,--,--,150*100*80,516,546,Yes,On Sale
Mini Fast Charging Magnetic Wireless Power Bank 5000 MAh Portable,https://oss-cf.cjdropshipping.com/product/2025/07/24/07/ba8aeb17-6273-48b4-9734-513bc21c04a9.jpg,CJCD135893013MN,Green 2pc/10000mAh,CN,7475,7475,0,7475,0,0,0,7475,0,13.26,0,13.26,1783616476304,No,--,--,150*100*80,332,362,Yes,On Sale
Mini Fast Charging Magnetic Wireless Power Bank 5000 MAh Portable,https://oss-cf.cjdropshipping.com/product/2025/07/24/07/74e45c84-dbd2-4ed0-a9b1-4ef071fcec06.jpg,CJCD135893015OL,Green 3pc/10000mAh,CN,6400,6400,0,6400,0,0,0,6400,0,19.89,0,19.89,1783616476304,No,--,--,150*100*80,513,543,Yes,On Sale
Mini Fast Charging Magnetic Wireless Power Bank 5000 MAh Portable,https://oss-cf.cjdropshipping.com/product/2025/07/24/07/8866d00b-afa4-4ee7-9f28-62929630731a.jpg,CJCD135893017QJ,Pink 2pc/10000mAh,CN,6544,6544,0,6544,0,0,0,6544,0,13.26,0,13.26,1783616476304,No,--,--,150*100*80,334,364,Yes,On Sale
Mini Fast Charging Magnetic Wireless Power Bank 5000 MAh Portable,https://oss-cf.cjdropshipping.com/product/2025/07/24/07/d1184724-5db8-4cbb-9ae5-cbfb40d66292.jpg,CJCD135893019SH,Pink 3pc/10000mAh,CN,8544,8544,0,8544,0,0,0,8544,0,19.89,0,19.89,1783616476304,No,--,--,150*100*80,516,546,Yes,On Sale
Mini Fast Charging Magnetic Wireless Power Bank 5000 MAh Portable,https://oss-cf.cjdropshipping.com/product/2025/07/24/07/f6c280a3-e381-48e5-96ff-4057d6ea2fbe.jpg,CJCD135893021UF,White 2pc/10000mAh,CN,8022,8022,0,8022,0,0,0,8022,0,13.26,0,13.26,1783616476304,No,--,--,150*100*80,340,370,Yes,On Sale
Mini Fast Charging Magnetic Wireless Power Bank 5000 MAh Portable,https://oss-cf.cjdropshipping.com/product/2025/07/24/07/9837f3a3-e51d-43d6-bdbc-3323ccec386f.jpg,CJCD135893023WD,White 3pc/10000mAh,CN,9264,9264,0,9264,0,0,0,9264,0,19.89,0,19.89,1783616476304,No,--,--,150*100*80,525,555,Yes,On Sale
Mini Fast Charging Magnetic Wireless Power Bank 5000 MAh Portable,https://oss-cf.cjdropshipping.com/product/2025/07/24/07/fa5059c2-8664-4491-ac86-36e659b6a602.jpg,CJCD135893025YB,Set1/10000mAh,CN,6725,6725,0,6725,0,0,0,6725,0,13.26,0,13.26,1783616476304,No,--,--,150*100*80,333,363,Yes,On Sale
Mini Fast Charging Magnetic Wireless Power Bank 5000 MAh Portable,https://oss-cf.cjdropshipping.com/product/2025/07/24/07/0a6095a6-a93e-4e1d-b422-46184fde4e5c.jpg,CJCD135893027AZ,Set2/10000mAh,CN,6304,6304,0,6304,0,0,0,6304,0,13.26,0,13.26,1783616476304,No,--,--,150*100*80,334,364,Yes,On Sale
Mini Fast Charging Magnetic Wireless Power Bank 5000 MAh Portable,https://oss-cf.cjdropshipping.com/product/2025/07/24/07/a2839e51-c8dc-410c-a9ad-fec540cb953a.jpg,CJCD135893029CX,Set3/10000mAh,CN,6132,6132,0,6132,0,0,0,6132,0,13.26,0,13.26,1783616476304,No,--,--,150*100*80,337,367,Yes,On Sale
Mini Fast Charging Magnetic Wireless Power Bank 5000 MAh Portable,https://oss-cf.cjdropshipping.com/product/2025/07/24/07/f9397ceb-8e3d-4256-8631-bd72513a53b6.jpg,CJCD135893031EV,Set4/10000mAh,CN,5083,5083,0,5083,0,0,0,5083,0,13.26,0,13.26,1783616476304,No,--,--,150*100*80,336,366,Yes,On Sale
Mini Fast Charging Magnetic Wireless Power Bank 5000 MAh Portable,https://oss-cf.cjdropshipping.com/product/2025/07/24/07/dd920464-8bc3-4a0b-866e-b0e0e17bb442.jpg,CJCD135893033GT,Set5/10000mAh,CN,7367,7367,0,7367,0,0,0,7367,0,13.26,0,13.26,1783616476304,No,--,--,150*100*80,333,363,Yes,On Sale
Mini Fast Charging Magnetic Wireless Power Bank 5000 MAh Portable,https://oss-cf.cjdropshipping.com/product/2025/07/24/07/893af167-8cb5-4dff-bcac-b0206b55a5a7.jpg,CJCD135893035IR,Set6/10000mAh,CN,9335,9335,0,9335,0,0,0,9335,0,13.26,0,13.26,1783616476304,No,--,--,150*100*80,337,367,Yes,On Sale
Mini Fast Charging Magnetic Wireless Power Bank 5000 MAh Portable,https://oss-cf.cjdropshipping.com/product/2025/07/24/07/1899d86d-9746-42f8-bb2f-b41c358ccd9d.jpg,CJCD135893037KP,Set7/10000mAh,CN,8726,8726,0,8726,0,0,0,8726,0,19.89,0,19.89,1783616476304,No,--,--,150*100*80,518,548,Yes,On Sale
Mini Fast Charging Magnetic Wireless Power Bank 5000 MAh Portable,https://oss-cf.cjdropshipping.com/product/2025/07/24/07/b9fad7b8-4f4d-4acb-8093-8b2f8ef5971b.jpg,CJCD135893039MN,Set8/10000mAh,CN,5174,5174,0,5174,0,0,0,5174,0,19.89,0,19.89,1783616476304,No,--,--,150*100*80,519,549,Yes,On Sale
Mini Fast Charging Magnetic Wireless Power Bank 5000 MAh Portable,https://oss-cf.cjdropshipping.com/product/2025/07/24/07/67c1e07d-f075-4ab3-8976-3a93f03cf738.jpg,CJCD135893041OL,Set9/10000mAh,CN,5192,5192,0,5192,0,0,0,5192,0,19.89,0,19.89,1783616476304,No,--,--,150*100*80,518,548,Yes,On Sale
Mini Fast Charging Magnetic Wireless Power Bank 5000 MAh Portable,https://oss-cf.cjdropshipping.com/product/2025/07/24/07/f962dda6-8b80-48f5-9d0e-8b79733e70c0.jpg,CJCD135893043QJ,Set10/10000mAh,CN,6842,6842,0,6842,0,0,0,6842,0,19.89,0,19.89,1783616476304,No,--,--,150*100*80,515,545,Yes,On Sale
Magnetic Suction Wireless Charging And Folding Phone Holder,https://oss-cf.cjdropshipping.com/product/2023/10/04/10/03de771a-5136-4c4e-b5d3-c7f16db30c70.jpg,CJSJ186226201AZ,White,CN,11773,11773,5,11768,0,5,0,11768,0,7.55,0,7.55,1783616499157,No,--,--,90*80*40,146,220,Yes,On Sale
Magnetic Suction Wireless Charging And Folding Phone Holder,https://oss-cf.cjdropshipping.com/product/2023/10/04/10/0aed3637-a0a6-438e-b871-27b6e93e8f8c.jpg,CJSJ186226202BY,Black,CN,13679,13679,0,13679,0,0,0,13679,0,7.55,0,7.55,1783616499157,No,--,--,90*80*40,141,220,Yes,On Sale
Magnetic Suction Wireless Charging And Folding Phone Holder,https://oss-cf.cjdropshipping.com/product/2023/12/18/07/32433ffb-a658-4dde-92bd-cb97426be875.jpg,CJSJ186226205EV,Black Storage Package,CN,10840,10840,1,10839,0,1,0,10839,0,7.71,0,7.71,1783616499157,No,--,--,200*180*30,183,250,Yes,On Sale
Magnetic Suction Wireless Charging And Folding Phone Holder,https://oss-cf.cjdropshipping.com/product/2023/12/18/07/1c41b11f-5549-44f0-9264-ee2a88316b91.jpg,CJSJ186226206FU,WhiteStorage Package,CN,10096,10096,0,10096,0,0,0,10096,0,9.12,0,9.12,1783616499157,No,--,--,200*180*30,179,250,Yes,On Sale
Metal Car Charger 100W Super Fast Charging Car Cigarette Lighter USB And TYPE-C Adapter,https://oss-cf.cjdropshipping.com/product/2024/10/15/05/459deae7-c7c9-4dbd-b183-f9bc148522bc.jpg,CJYD180232701AZ,Metal Silver Gray/100W,CN,13449,13449,1,13448,0,1,0,13448,0,12.44,0,12.44,1783616645954,No,--,--,175*75*38,185,219,Yes,On Sale
Metal Car Charger 100W Super Fast Charging Car Cigarette Lighter USB And TYPE-C Adapter,https://oss-cf.cjdropshipping.com/product/2023/11/13/13/a986acc9-730e-4cd0-837f-43827ecf069e.jpg,CJYD180232702BY,Typecandtypec/100W,CN,11178,11178,37,11141,0,3,34,11141,0,12.44,0,12.44,1783616645954,No,--,--,175*75*38,185,210,Yes,On Sale
Metal Car Charger 100W Super Fast Charging Car Cigarette Lighter USB And TYPE-C Adapter,https://oss-cf.cjdropshipping.com/product/2023/11/13/13/1f27facb-6c39-49bf-8ac8-c86fecd26fe8.jpg,CJYD180232703CX,AppleandApple/100W,CN,12179,12179,37,12142,0,0,37,12142,0,12.44,0,12.44,1783616645954,No,--,--,175*75*38,173,212,Yes,On Sale
Metal Car Charger 100W Super Fast Charging Car Cigarette Lighter USB And TYPE-C Adapter,https://oss-cf.cjdropshipping.com/product/2023/11/13/13/7f28ccf9-dfc4-46f2-8135-0d346e9f3048.png,CJYD180232704DW,Metal Silver Gray2pcs/100W,CN,14284,14284,0,14284,0,0,0,14284,0,24.88,0,24.88,1783616645954,No,--,--,200*100*80,388,418,Yes,On Sale
Metal Car Charger 100W Super Fast Charging Car Cigarette Lighter USB And TYPE-C Adapter,https://oss-cf.cjdropshipping.com/product/2023/11/13/13/aee7851a-8273-4e03-8974-963e49d50970.png,CJYD180232705EV,Metal Silver Gray3pcs/100W,CN,11624,11624,0,11624,0,0,0,11624,0,37.31,0,37.31,1783616645954,No,--,--,200*110*100,597,627,Yes,On Sale
Metal Car Charger 100W Super Fast Charging Car Cigarette Lighter USB And TYPE-C Adapter,https://oss-cf.cjdropshipping.com/product/2023/11/13/13/03be97b3-5cd9-4230-8721-95b7df1d9d05.jpg,CJYD180232706FU,Metal Silver Gray4pcs/100W,CN,10322,10322,0,10322,0,0,0,10322,0,49.75,0,49.75,1783616645954,No,--,--,200*150*80,806,836,Yes,On Sale
Metal Car Charger 100W Super Fast Charging Car Cigarette Lighter USB And TYPE-C Adapter,https://oss-cf.cjdropshipping.com/product/2024/03/25/10/eda7b6c8-6d64-4b73-862f-42a114b193c7.jpg,CJYD180232707GT,Black1/100W,CN,10431,10431,0,10431,0,0,0,10431,0,13.35,0,13.35,1783616645954,No,--,--,200*150*80,243,273,Yes,On Sale
Metal Car Charger 100W Super Fast Charging Car Cigarette Lighter USB And TYPE-C Adapter,https://oss-cf.cjdropshipping.com/product/2024/03/25/10/977bd7bf-fba7-42ef-b2e3-9dc182b0698c.jpg,CJYD180232708HS,Black2/100W,CN,13930,13930,0,13930,0,0,0,13930,0,12.94,0,12.94,1783616645954,No,--,--,200*150*80,243,273,Yes,On Sale
Metal Car Charger 100W Super Fast Charging Car Cigarette Lighter USB And TYPE-C Adapter,https://oss-cf.cjdropshipping.com/product/2024/03/25/10/cb713eb9-bbb0-45b9-a150-63e676ce5601.jpg,CJYD180232709IR,White1/100W,CN,13560,13560,0,13560,0,0,0,13560,0,13.35,0,13.35,1783616645954,No,--,--,200*150*80,265,295,Yes,On Sale
Metal Car Charger 100W Super Fast Charging Car Cigarette Lighter USB And TYPE-C Adapter,https://oss-cf.cjdropshipping.com/product/2024/03/25/10/98df8b3f-761b-443f-a4b2-7a32d4c5cd48.jpg,CJYD180232710JQ,White2/100W,CN,14690,14690,0,14690,0,0,0,14690,0,12.94,0,12.94,1783616645954,No,--,--,200*150*80,243,273,Yes,On Sale
Metal Car Charger 100W Super Fast Charging Car Cigarette Lighter USB And TYPE-C Adapter,https://oss-cf.cjdropshipping.com/product/2024/06/12/07/8914da6e-bc96-45b8-a3de-8553f2680cbd.jpg,CJYD180232722VE,Apple plus Huawei/60W,CN,12812,12812,1,12811,0,1,0,12811,0,12.44,0,12.44,1783616645954,No,--,--,175*75*38,187,212,Yes,On Sale
Metal Car Charger 100W Super Fast Charging Car Cigarette Lighter USB And TYPE-C Adapter,https://oss-cf.cjdropshipping.com/product/2024/06/12/07/749c7ff5-ff48-4892-99cc-5eb42d141673.jpg,CJYD180232724XC,Apples with apples/60W,CN,13535,13535,0,13535,0,0,0,13535,0,12.44,0,12.44,1783616645954,No,--,--,175*75*38,166,212,Yes,On Sale
Metal Car Charger 100W Super Fast Charging Car Cigarette Lighter USB And TYPE-C Adapter,https://oss-cf.cjdropshipping.com/product/2024/06/12/07/7d880e8e-45ce-4ca7-91f9-adfb0563bacd.jpg,CJYD180232726ZA,Huawei Plus Huawei/60W,CN,12656,12656,0,12656,0,0,0,12656,0,12.44,0,12.44,1783616645954,No,--,--,175*75*38,188,212,Yes,On Sale
Metal Car Charger 100W Super Fast Charging Car Cigarette Lighter USB And TYPE-C Adapter,https://oss-cf.cjdropshipping.com/product/2024/06/12/07/8914da6e-bc96-45b8-a3de-8553f2680cbd.jpg,CJYD180232711KP,Apple plus Huawei/100W,CN,9537,9537,4,9533,0,4,0,9533,0,9.95,0,9.95,1783616645954,No,--,--,175*75*38,188,212,Yes,On Sale
124 Key Matcha Themed PBT Sublimation Keycap,https://oss-cf.cjdropshipping.com/product/2025/07/24/06/9bf38f9e-763e-44b9-ac2f-5d00bf2de5ff_fine.jpeg,CJCP243843001AZ,Matcha English 124 key/In bags,CN,8811,8811,0,8811,0,0,0,8811,0,5.32,0,5.32,1783616830795,No,--,--,380*180*40,450,470,Yes,On Sale
124 Key Matcha Themed PBT Sublimation Keycap,https://oss-cf.cjdropshipping.com/product/2025/07/24/06/e9e680f0-1221-4992-bfb1-460f5b5c96d9_fine.jpeg,CJCP243843002BY,Matcha English 124 key/Boxed,CN,9723,9723,0,9723,0,0,0,9723,0,5.97,0,5.97,1783616830795,No,--,--,380*180*40,480,500,Yes,On Sale
124 Key Matcha Themed PBT Sublimation Keycap,https://oss-cf.cjdropshipping.com/product/2025/07/24/06/33aa78bf-8712-47c4-9bcc-561f7562098e_trans.jpeg,CJCP243843003CX,Matcha Japanese 124 key/In bags,CN,7604,7604,0,7604,0,0,0,7604,0,4.89,0,4.89,1783616830795,No,--,--,380*180*40,450,470,Yes,On Sale
124 Key Matcha Themed PBT Sublimation Keycap,https://oss-cf.cjdropshipping.com/product/2025/07/24/06/8bc7d50b-58b3-4a79-9113-75d6e166df15_fine.jpeg,CJCP243843004DW,Matcha Japanese 124 key/Boxed,CN,8379,8379,0,8379,0,0,0,8379,0,5.49,0,5.49,1783616830795,No,--,--,380*180*40,480,500,Yes,On Sale
124 Key Matcha Themed PBT Sublimation Keycap,https://oss-cf.cjdropshipping.com/product/2025/07/24/06/63665fe3-2d46-471d-a4f9-b83dd1e5b028_fine.jpeg,CJCP243843005EV,Matcha Thai 124 key/In bags,CN,8067,8067,0,8067,0,0,0,8067,0,4.89,0,4.89,1783616830795,No,--,--,380*180*40,450,470,Yes,On Sale
124 Key Matcha Themed PBT Sublimation Keycap,https://oss-cf.cjdropshipping.com/product/2025/07/24/06/6fe032dd-6cb6-4c41-8eb5-45c4ee51c5f1_fine.jpeg,CJCP243843006FU,Matcha Thai 124 key/Boxed,CN,9462,9462,0,9462,0,0,0,9462,0,5.49,0,5.49,1783616830795,No,--,--,380*180*40,480,500,Yes,On Sale
124 Key Matcha Themed PBT Sublimation Keycap,https://oss-cf.cjdropshipping.com/product/2025/07/24/06/7a524fff-d2ed-4195-bd5b-d106d3fa4d4a_fine.jpeg,CJCP243843007GT,Matcha Russian 124 key/In bags,CN,9443,9443,0,9443,0,0,0,9443,0,4.89,0,4.89,1783616830795,No,--,--,380*180*40,450,470,Yes,On Sale
124 Key Matcha Themed PBT Sublimation Keycap,https://oss-cf.cjdropshipping.com/product/2025/07/24/06/5a1bc0a1-dae6-4be8-9fc9-91c3d77783ba_fine.jpeg,CJCP243843008HS,Matcha Russian 124 key/Boxed,CN,9275,9275,0,9275,0,0,0,9275,0,5.49,0,5.49,1783616830795,No,--,--,380*180*40,480,500,Yes,On Sale
124 Key Matcha Themed PBT Sublimation Keycap,https://oss-cf.cjdropshipping.com/product/2025/07/24/06/debf0ff9-f09f-427f-b9dd-878c9cc0da51_fine.jpeg,CJCP243843009IR,Matcha Phonetic Text 124 key/In bags,CN,8702,8702,0,8702,0,0,0,8702,0,4.89,0,4.89,1783616830795,No,--,--,380*180*40,450,470,Yes,On Sale
124 Key Matcha Themed PBT Sublimation Keycap,https://oss-cf.cjdropshipping.com/product/2025/07/24/06/fb65642c-abd3-427a-8ea1-b433c3580b49_fine.jpeg,CJCP243843010JQ,Matcha Phonetic Text 124 key/Boxed,CN,8814,8814,0,8814,0,0,0,8814,0,5.49,0,5.49,1783616830795,No,--,--,380*180*40,480,500,Yes,On Sale
124 Key Matcha Themed PBT Sublimation Keycap,https://oss-cf.cjdropshipping.com/product/2025/07/24/06/e2aaf525-d0be-46b6-b133-9f652dfa2f9f_fine.jpeg,CJCP243843011KP,Matcha Korean 124 key/In bags,CN,5992,5992,0,5992,0,0,0,5992,0,4.89,0,4.89,1783616830795,No,--,--,380*180*40,450,470,Yes,On Sale
124 Key Matcha Themed PBT Sublimation Keycap,https://oss-cf.cjdropshipping.com/product/2025/07/24/06/d1d03653-c408-4f95-9c26-095ab371f633_fine.jpeg,CJCP243843012LO,Matcha Korean 124 key/Boxed,CN,8432,8432,0,8432,0,0,0,8432,0,5.49,0,5.49,1783616830795,No,--,--,380*180*40,480,500,Yes,On Sale
124 Key Matcha Themed PBT Sublimation Keycap,https://oss-cf.cjdropshipping.com/product/2025/07/24/06/3fa38b5b-f5b3-478c-8788-43205d6c7975_trans.jpeg,CJCP243843013MN,Matcha German 124 key/In bags,CN,9684,9684,0,9684,0,0,0,9684,0,4.89,0,4.89,1783616830795,No,--,--,380*180*40,450,470,Yes,On Sale
124 Key Matcha Themed PBT Sublimation Keycap,https://oss-cf.cjdropshipping.com/product/2025/07/24/06/6e980965-6df7-46c0-96e0-ba2720b1d620_fine.jpeg,CJCP243843014NM,Matcha German 124 key/Boxed,CN,9848,9848,0,9848,0,0,0,9848,0,5.49,0,5.49,1783616830795,No,--,--,380*180*40,480,500,Yes,On Sale
124 Key Matcha Themed PBT Sublimation Keycap,https://oss-cf.cjdropshipping.com/product/2025/07/24/06/3e38a494-f19a-479a-ad9f-afe433e719ce_trans.jpeg,CJCP243843015OL,Matcha French 124 key/In bags,CN,7547,7547,0,7547,0,0,0,7547,0,4.89,0,4.89,1783616830795,No,--,--,380*180*40,450,470,Yes,On Sale
124 Key Matcha Themed PBT Sublimation Keycap,https://oss-cf.cjdropshipping.com/product/2025/07/24/06/5461c029-0504-44de-bc2b-615009ffcb82_fine.jpeg,CJCP243843016PK,Matcha French 124 key/Boxed,CN,5551,5551,0,5551,0,0,0,5551,0,5.49,0,5.49,1783616830795,No,--,--,380*180*40,480,500,Yes,On Sale
124 Key Matcha Themed PBT Sublimation Keycap,https://oss-cf.cjdropshipping.com/product/2025/07/24/06/19dca139-0075-413c-942d-a4183188be65_fine.jpeg,CJCP243843017QJ,Matcha Arabic 124 key/In bags,CN,9920,9920,0,9920,0,0,0,9920,0,4.89,0,4.89,1783616830795,No,--,--,380*180*40,450,470,Yes,On Sale
124 Key Matcha Themed PBT Sublimation Keycap,https://oss-cf.cjdropshipping.com/product/2025/07/24/06/e3983f2b-6a4d-4c29-8691-59b8130424e7_fine.jpeg,CJCP243843018RI,Matcha Arabic 124 key/Boxed,CN,7520,7520,0,7520,0,0,0,7520,0,5.49,0,5.49,1783616830795,No,--,--,380*180*40,480,500,Yes,On Sale
124 Key Matcha Themed PBT Sublimation Keycap,https://oss-cf.cjdropshipping.com/product/2025/07/24/06/359b862a-b0be-49da-99a8-482a256ca4f2_trans.jpeg,CJCP243843019SH,Matcha Spanish 124 key/In bags,CN,5200,5200,0,5200,0,0,0,5200,0,4.89,0,4.89,1783616830795,No,--,--,380*180*40,450,470,Yes,On Sale
124 Key Matcha Themed PBT Sublimation Keycap,https://oss-cf.cjdropshipping.com/product/2025/07/24/06/e3c9520b-2cc5-4193-be91-ce4dc32bbf9b_fine.jpeg,CJCP243843020TG,Matcha Spanish 124 key/Boxed,CN,8456,8456,0,8456,0,0,0,8456,0,5.49,0,5.49,1783616830795,No,--,--,380*180*40,480,500,Yes,On Sale
124 Key Matcha Themed PBT Sublimation Keycap,https://oss-cf.cjdropshipping.com/product/2025/07/24/06/4f1f27fc-c589-412a-8bc2-712a47e08e48_fine.jpeg,CJCP243843021UF,Matcha Cangjie 124key/In bags,CN,8431,8431,0,8431,0,0,0,8431,0,4.89,0,4.89,1783616830795,No,--,--,380*180*40,450,470,Yes,On Sale
124 Key Matcha Themed PBT Sublimation Keycap,https://oss-cf.cjdropshipping.com/product/2025/07/24/06/5971366e-d4f9-4c19-8e0a-6f9b39706b30_fine.jpeg,CJCP243843022VE,Matcha Cangjie 124key/Boxed,CN,7045,7045,0,7045,0,0,0,7045,0,5.49,0,5.49,1783616830795,No,--,--,380*180*40,480,500,Yes,On Sale
Large capacity ultra-thin power bank,https://cf.cjdropshipping.com/16029504/605647292581.jpg,CJSJSJCD00269-Black 20000mAh,Black 20000mAh,CN,8081,8081,0,8081,0,0,0,8081,0,3.86,0,3.86,1783616559866,No,--,--,120*80*50,166,220,Yes,On Sale
Large capacity ultra-thin power bank,https://oss-cf.cjdropshipping.com/product/2026/04/21/03/8b3e4250-d332-4657-9d3b-7d3538fb9044_trans.jpeg,CJSJSJCD00269-Black,Black,CN,20000,20000,0,20000,0,0,0,20000,0,3.19,0,3.19,1783616559866,No,--,--,144*112*75,166,220,Yes,On Sale
Large capacity ultra-thin power bank,https://cf.cjdropshipping.com/16029504/55424513704.jpg,CJSJSJCD00269-White,White,CN,20000,20000,0,20000,0,0,0,20000,0,3.19,0,3.19,1783616559866,No,--,--,120*80*50,200,220,Yes,On Sale
UGreen 65W Gallium Nitride Charger,https://cf.cjdropshipping.com/f1feda91-5515-466f-b3d5-d4b274f006fc.jpg,CJSJ160188101AZ,Black/65w/220V US,CN,12052,12052,0,12052,0,0,0,12052,0,20.63,0,20.63,1783616543421,No,--,--,108*109*40,172,255,Yes,On Sale
UGreen 65W Gallium Nitride Charger,https://cf.cjdropshipping.com/8314440a-6a1a-44e2-b45f-c2394dbf7ff0.jpg,CJSJ160188103CX,Black Charging line 1.5M/65w/220V US,CN,12931,12931,0,12931,0,0,0,12931,0,23.60,0,23.60,1783616543421,No,--,--,108*109*40,172,255,Yes,On Sale
UGreen 65W Gallium Nitride Charger,https://cf.cjdropshipping.com/51893516-733c-4579-a245-ea2ecee39680.jpg,CJSJ160188105EV,Black Charging line 1M/65w/220V US,CN,11942,11942,0,11942,0,0,0,11942,0,28.05,0,28.05,1783616543421,No,--,--,108*109*40,172,255,Yes,On Sale
UGreen 65W Gallium Nitride Charger,https://cf.cjdropshipping.com/8314440a-6a1a-44e2-b45f-c2394dbf7ff0.jpg,CJSJ160188107GT,Black Charging line 2M/65w/220V US,CN,10625,10625,0,10625,0,0,0,10625,0,28.05,0,28.05,1783616543421,No,--,--,108*109*40,172,255,Yes,On Sale
UGreen 65W Gallium Nitride Charger,https://cf.cjdropshipping.com/b0440fca-ecad-411b-a2a7-4f3c18c521c6.jpg,CJSJ160188110JQ,Black Double port/66w/220V US,CN,14982,14982,0,14982,0,0,0,14982,0,19.15,0,19.15,1783616543421,No,--,--,108*109*40,172,255,Yes,On Sale
UGreen 65W Gallium Nitride Charger,https://cf.cjdropshipping.com/ca1c0d90-70af-46be-a823-0c5196d4e713.jpg,CJSJ160188112LO,Black Double port Charging li/66w/220V US,CN,10681,10681,0,10681,0,0,0,10681,0,23.60,0,23.60,1783616543421,No,--,--,108*109*40,172,255,Yes,On Sale
UGreen 65W Gallium Nitride Charger,https://cf.cjdropshipping.com/b8a64a9a-5bda-4755-b478-9e155c38d6a0.jpg,CJSJ160188113MN,Black Single port/65w/220V US,CN,13472,13472,0,13472,0,0,0,13472,0,17.66,0,17.66,1783616543421,No,--,--,108*109*40,172,255,Yes,On Sale
New High-density Braided Flash Charging Data Cable Dual Type-c Charger,https://cf.cjdropshipping.com/1618312538944.jpg,CJSJ107700301AZ,Black/1m,CN,40000,40000,0,40000,0,0,0,40000,0,3.75,0,3.75,1783616975179,No,--,--,189*90*280,67,97,Yes,On Sale
New High-density Braided Flash Charging Data Cable Dual Type-c Charger,https://cf.cjdropshipping.com/1618312538944.jpg,CJSJ107700302BY,Black/2m,CN,40000,40000,0,40000,0,0,0,40000,0,3.75,0,3.75,1783616975179,No,--,--,189*90*280,86,107,Yes,On Sale
New High-density Braided Flash Charging Data Cable Dual Type-c Charger,https://cf.cjdropshipping.com/1618312538946.jpg,CJSJ107700303CX,White/1m,CN,40000,40000,0,40000,0,0,0,40000,0,3.75,0,3.75,1783616975179,No,--,--,189*90*280,67,97,Yes,On Sale
New High-density Braided Flash Charging Data Cable Dual Type-c Charger,https://cf.cjdropshipping.com/1618312538946.jpg,CJSJ107700304DW,White/2m,CN,40000,40000,0,40000,0,0,0,40000,0,3.75,0,3.75,1783616975179,No,--,--,189*90*280,77,107,Yes,On Sale
New High-density Braided Flash Charging Data Cable Dual Type-c Charger,https://cf.cjdropshipping.com/1618312538938.jpg,CJSJ107700305EV,Navy Blue/1m,CN,40000,40000,0,40000,0,0,0,40000,0,3.75,0,3.75,1783616975179,No,--,--,189*90*280,67,97,Yes,On Sale
New High-density Braided Flash Charging Data Cable Dual Type-c Charger,https://cf.cjdropshipping.com/1618312538938.jpg,CJSJ107700306FU,Navy Blue/2m,CN,40000,40000,0,40000,0,0,0,40000,0,3.75,0,3.75,1783616975179,No,--,--,189*90*280,77,107,Yes,On Sale